/*
 Navicat Premium Data Transfer

 Source Server         : postgresDB
 Source Server Type    : PostgreSQL
 Source Server Version : 120002
 Source Host           : localhost:5432
 Source Catalog        : book-iona
 Source Schema         : public

 Target Server Type    : PostgreSQL
 Target Server Version : 120002
 File Encoding         : 65001

 Date: 28/10/2020 19:41:01
*/


-- ----------------------------
-- Sequence structure for author_authorid_seq
-- ----------------------------
DROP SEQUENCE IF EXISTS "public"."author_authorid_seq";
CREATE SEQUENCE "public"."author_authorid_seq" 
INCREMENT 1
MINVALUE  1
MAXVALUE 9223372036854775807
START 1
CACHE 1;

-- ----------------------------
-- Sequence structure for book_bookid_seq
-- ----------------------------
DROP SEQUENCE IF EXISTS "public"."book_bookid_seq";
CREATE SEQUENCE "public"."book_bookid_seq" 
INCREMENT 1
MINVALUE  1
MAXVALUE 9223372036854775807
START 1
CACHE 1;

-- ----------------------------
-- Sequence structure for book_ratings_ratingid_seq
-- ----------------------------
DROP SEQUENCE IF EXISTS "public"."book_ratings_ratingid_seq";
CREATE SEQUENCE "public"."book_ratings_ratingid_seq" 
INCREMENT 1
MINVALUE  1
MAXVALUE 9223372036854775807
START 1
CACHE 1;

-- ----------------------------
-- Sequence structure for customers_customersid_seq
-- ----------------------------
DROP SEQUENCE IF EXISTS "public"."customers_customersid_seq";
CREATE SEQUENCE "public"."customers_customersid_seq" 
INCREMENT 1
MINVALUE  1
MAXVALUE 9223372036854775807
START 1
CACHE 1;

-- ----------------------------
-- Sequence structure for hibernate_sequence
-- ----------------------------
DROP SEQUENCE IF EXISTS "public"."hibernate_sequence";
CREATE SEQUENCE "public"."hibernate_sequence" 
INCREMENT 1
MINVALUE  1
MAXVALUE 9223372036854775807
START 1
CACHE 1;

-- ----------------------------
-- Sequence structure for orders_orderid_seq
-- ----------------------------
DROP SEQUENCE IF EXISTS "public"."orders_orderid_seq";
CREATE SEQUENCE "public"."orders_orderid_seq" 
INCREMENT 1
MINVALUE  1
MAXVALUE 9223372036854775807
START 1
CACHE 1;

-- ----------------------------
-- Sequence structure for publisher_publisherid_seq
-- ----------------------------
DROP SEQUENCE IF EXISTS "public"."publisher_publisherid_seq";
CREATE SEQUENCE "public"."publisher_publisherid_seq" 
INCREMENT 1
MINVALUE  1
MAXVALUE 9223372036854775807
START 1
CACHE 1;

-- ----------------------------
-- Sequence structure for reviewers_reviewerid_seq
-- ----------------------------
DROP SEQUENCE IF EXISTS "public"."reviewers_reviewerid_seq";
CREATE SEQUENCE "public"."reviewers_reviewerid_seq" 
INCREMENT 1
MINVALUE  1
MAXVALUE 9223372036854775807
START 1
CACHE 1;

-- ----------------------------
-- Table structure for author
-- ----------------------------
DROP TABLE IF EXISTS "public"."author";
CREATE TABLE "public"."author" (
  "authorid" int8 NOT NULL GENERATED BY DEFAULT AS IDENTITY (
INCREMENT 1
MINVALUE  1
MAXVALUE 9223372036854775807
START 1
),
  "age" int4,
  "country" varchar(255) COLLATE "pg_catalog"."default",
  "first_name" varchar(255) COLLATE "pg_catalog"."default",
  "gender" varchar(255) COLLATE "pg_catalog"."default",
  "last_name" varchar(255) COLLATE "pg_catalog"."default",
  "rating" varchar(255) COLLATE "pg_catalog"."default"
)
;

-- ----------------------------
-- Records of author
-- ----------------------------
INSERT INTO "public"."author" VALUES (1, 34, 'Indonesia', 'Raditya', 'Male', 'Dika', '7');
INSERT INTO "public"."author" VALUES (2, 44, 'Indonesia', 'Tere', 'Female', 'Liye', '7');
INSERT INTO "public"."author" VALUES (3, 40, 'Indonesia', 'Dewi', 'Female', 'Lestari', '7');
INSERT INTO "public"."author" VALUES (4, 47, 'USA', 'Jane', 'Female', 'Austen', '8');
INSERT INTO "public"."author" VALUES (5, 38, 'USA', 'Stephen', 'Male', 'King', '9');
INSERT INTO "public"."author" VALUES (6, 43, 'USA', 'William', 'Male', 'Shakespeare', '9');

-- ----------------------------
-- Table structure for book
-- ----------------------------
DROP TABLE IF EXISTS "public"."book";
CREATE TABLE "public"."book" (
  "bookid" int8 NOT NULL GENERATED BY DEFAULT AS IDENTITY (
INCREMENT 1
MINVALUE  1
MAXVALUE 9223372036854775807
START 1
),
  "price" numeric(19,2),
  "release_date" timestamp(6),
  "title" varchar(255) COLLATE "pg_catalog"."default",
  "authorid" int8 NOT NULL,
  "publisherid" int8 NOT NULL
)
;

-- ----------------------------
-- Records of book
-- ----------------------------
INSERT INTO "public"."book" VALUES (1, 99000.00, '2013-09-09 00:00:00', 'Kambing Jantan', 1, 1);
INSERT INTO "public"."book" VALUES (2, 123000.00, '2015-07-29 00:00:00', 'Cinta Brontosaurus', 1, 1);
INSERT INTO "public"."book" VALUES (3, 125000.00, '2017-09-08 00:00:00', 'Marmut Merah Jambu', 1, 1);
INSERT INTO "public"."book" VALUES (4, 100000.00, '2010-01-30 00:00:00', 'Matahari', 2, 1);
INSERT INTO "public"."book" VALUES (5, 95000.00, '2011-11-11 00:00:00', 'Komet', 2, 1);
INSERT INTO "public"."book" VALUES (6, 150000.00, '2019-07-08 00:00:00', 'Filosofi Kopi', 3, 1);
INSERT INTO "public"."book" VALUES (7, 178000.00, '2018-09-29 00:00:00', 'Pride and Prejudice', 4, 2);
INSERT INTO "public"."book" VALUES (8, 150000.00, '2009-09-09 00:00:00', 'Emma', 4, 2);
INSERT INTO "public"."book" VALUES (9, 198000.00, '2018-04-29 00:00:00', 'The Shining', 5, 2);
INSERT INTO "public"."book" VALUES (10, 200000.00, '2015-10-18 00:00:00', 'Hamlet', 6, 2);

-- ----------------------------
-- Table structure for book_ratings
-- ----------------------------
DROP TABLE IF EXISTS "public"."book_ratings";
CREATE TABLE "public"."book_ratings" (
  "ratingid" int8 NOT NULL GENERATED BY DEFAULT AS IDENTITY (
INCREMENT 1
MINVALUE  1
MAXVALUE 9223372036854775807
START 1
),
  "rating_score" int4 NOT NULL,
  "book_id" int8,
  "reviewer_id" int8
)
;

-- ----------------------------
-- Records of book_ratings
-- ----------------------------
INSERT INTO "public"."book_ratings" VALUES (1, 7, 5, 3);
INSERT INTO "public"."book_ratings" VALUES (2, 9, 6, 2);
INSERT INTO "public"."book_ratings" VALUES (3, 8, 7, 2);

-- ----------------------------
-- Table structure for customers
-- ----------------------------
DROP TABLE IF EXISTS "public"."customers";
CREATE TABLE "public"."customers" (
  "customersid" int8 NOT NULL GENERATED BY DEFAULT AS IDENTITY (
INCREMENT 1
MINVALUE  1
MAXVALUE 9223372036854775807
START 1
),
  "address" varchar(255) COLLATE "pg_catalog"."default" NOT NULL,
  "country" varchar(255) COLLATE "pg_catalog"."default" NOT NULL,
  "customer_name" varchar(255) COLLATE "pg_catalog"."default" NOT NULL,
  "email" varchar(255) COLLATE "pg_catalog"."default" NOT NULL,
  "phone_number" varchar(255) COLLATE "pg_catalog"."default" NOT NULL,
  "postal_code" varchar(255) COLLATE "pg_catalog"."default" NOT NULL
)
;

-- ----------------------------
-- Records of customers
-- ----------------------------
INSERT INTO "public"."customers" VALUES (1, 'Jl. Gandaria III', 'Indonesia', 'Citra Puspita Pebriani', 'citrapp02@gmail.com', '081818941175', '13710');
INSERT INTO "public"."customers" VALUES (2, 'St. Northwind', 'Canada', 'Kelly Clark', 'clark@gmail.com', '0012001293100', '122113');
INSERT INTO "public"."customers" VALUES (3, 'St. Saint Paolo', 'Stannford', 'Julius', 'Jjulius@gmail.com', '009190192123', '112009');

-- ----------------------------
-- Table structure for order_details
-- ----------------------------
DROP TABLE IF EXISTS "public"."order_details";
CREATE TABLE "public"."order_details" (
  "book_id" int8 NOT NULL,
  "order_id" int8 NOT NULL,
  "discount" numeric(19,2),
  "quantity" int4 NOT NULL,
  "tax" numeric(19,2)
)
;

-- ----------------------------
-- Records of order_details
-- ----------------------------

-- ----------------------------
-- Table structure for orders
-- ----------------------------
DROP TABLE IF EXISTS "public"."orders";
CREATE TABLE "public"."orders" (
  "orderid" int8 NOT NULL GENERATED BY DEFAULT AS IDENTITY (
INCREMENT 1
MINVALUE  1
MAXVALUE 9223372036854775807
START 1
),
  "order_date" timestamp(6) NOT NULL,
  "customerid" int8 NOT NULL
)
;

-- ----------------------------
-- Records of orders
-- ----------------------------
INSERT INTO "public"."orders" VALUES (1, '2020-10-28 00:00:00', 1);
INSERT INTO "public"."orders" VALUES (2, '2019-09-10 00:00:00', 2);
INSERT INTO "public"."orders" VALUES (3, '2020-09-30 00:00:00', 3);

-- ----------------------------
-- Table structure for paper
-- ----------------------------
DROP TABLE IF EXISTS "public"."paper";
CREATE TABLE "public"."paper" (
  "paperid" int8 NOT NULL,
  "paper_price" numeric(19,2) NOT NULL,
  "quality_name" varchar(255) COLLATE "pg_catalog"."default" NOT NULL
)
;

-- ----------------------------
-- Records of paper
-- ----------------------------
INSERT INTO "public"."paper" VALUES (1, 23000.00, 'Good');
INSERT INTO "public"."paper" VALUES (2, 26000.00, 'Standard');
INSERT INTO "public"."paper" VALUES (3, 49000.00, 'Best Quality');
INSERT INTO "public"."paper" VALUES (4, 39000.00, 'Recommend Seller');

-- ----------------------------
-- Table structure for publisher
-- ----------------------------
DROP TABLE IF EXISTS "public"."publisher";
CREATE TABLE "public"."publisher" (
  "publisherid" int8 NOT NULL GENERATED BY DEFAULT AS IDENTITY (
INCREMENT 1
MINVALUE  1
MAXVALUE 9223372036854775807
START 1
),
  "company_name" varchar(255) COLLATE "pg_catalog"."default" NOT NULL,
  "country" varchar(255) COLLATE "pg_catalog"."default" NOT NULL,
  "paperid" int8 NOT NULL
)
;

-- ----------------------------
-- Records of publisher
-- ----------------------------
INSERT INTO "public"."publisher" VALUES (1, 'Gramedia', 'Indonesia', 1);
INSERT INTO "public"."publisher" VALUES (2, 'Random House', 'USA', 3);
INSERT INTO "public"."publisher" VALUES (3, 'Hachette Book Group', 'USA', 4);

-- ----------------------------
-- Table structure for reviewers
-- ----------------------------
DROP TABLE IF EXISTS "public"."reviewers";
CREATE TABLE "public"."reviewers" (
  "reviewerid" int8 NOT NULL GENERATED BY DEFAULT AS IDENTITY (
INCREMENT 1
MINVALUE  1
MAXVALUE 9223372036854775807
START 1
),
  "country" varchar(255) COLLATE "pg_catalog"."default" NOT NULL,
  "reviewer_name" varchar(255) COLLATE "pg_catalog"."default" NOT NULL,
  "verified" bool NOT NULL
)
;

-- ----------------------------
-- Records of reviewers
-- ----------------------------
INSERT INTO "public"."reviewers" VALUES (1, 'Indonesia', 'Salsabila', 't');
INSERT INTO "public"."reviewers" VALUES (2, 'Sarah', 'USA', 't');
INSERT INTO "public"."reviewers" VALUES (3, 'Jade', 'USA
', 't');
INSERT INTO "public"."reviewers" VALUES (4, 'Hartanti', 'Indonesia', 't');

-- ----------------------------
-- View structure for vm_book_info
-- ----------------------------
DROP VIEW IF EXISTS "public"."vm_book_info";
CREATE VIEW "public"."vm_book_info" AS  SELECT row_number() OVER (ORDER BY b.bookid)::integer AS no,
    b.bookid,
    b.title,
    (a.first_name::text || ' '::text) || a.last_name::text AS authors_name,
    p.company_name AS publisher
   FROM book b
     JOIN author a ON a.authorid = b.authorid
     JOIN publisher p ON b.publisherid = p.publisherid;

-- ----------------------------
-- View structure for vm_book_reviewer
-- ----------------------------
DROP VIEW IF EXISTS "public"."vm_book_reviewer";
CREATE VIEW "public"."vm_book_reviewer" AS  SELECT row_number() OVER (ORDER BY b.bookid)::integer AS no,
    b.bookid,
    b.title,
    r.reviewer_name,
    r.country
   FROM book_ratings br
     JOIN reviewers r ON r.reviewerid = br.reviewer_id
     JOIN book b ON b.bookid = br.book_id;

-- ----------------------------
-- View structure for vm_customer_order
-- ----------------------------
DROP VIEW IF EXISTS "public"."vm_customer_order";
CREATE VIEW "public"."vm_customer_order" AS  SELECT row_number() OVER (ORDER BY o.orderid)::integer AS no,
    o.orderid,
    c.customer_name,
    c.country,
    o.order_date
   FROM orders o
     JOIN customers c ON c.customersid = o.customerid;

-- ----------------------------
-- Alter sequences owned by
-- ----------------------------
ALTER SEQUENCE "public"."author_authorid_seq"
OWNED BY "public"."author"."authorid";
SELECT setval('"public"."author_authorid_seq"', 2, false);

-- ----------------------------
-- Alter sequences owned by
-- ----------------------------
ALTER SEQUENCE "public"."book_bookid_seq"
OWNED BY "public"."book"."bookid";
SELECT setval('"public"."book_bookid_seq"', 2, false);

-- ----------------------------
-- Alter sequences owned by
-- ----------------------------
ALTER SEQUENCE "public"."book_ratings_ratingid_seq"
OWNED BY "public"."book_ratings"."ratingid";
SELECT setval('"public"."book_ratings_ratingid_seq"', 2, false);

-- ----------------------------
-- Alter sequences owned by
-- ----------------------------
ALTER SEQUENCE "public"."customers_customersid_seq"
OWNED BY "public"."customers"."customersid";
SELECT setval('"public"."customers_customersid_seq"', 2, false);

-- ----------------------------
-- Alter sequences owned by
-- ----------------------------
SELECT setval('"public"."hibernate_sequence"', 2, false);

-- ----------------------------
-- Alter sequences owned by
-- ----------------------------
ALTER SEQUENCE "public"."orders_orderid_seq"
OWNED BY "public"."orders"."orderid";
SELECT setval('"public"."orders_orderid_seq"', 2, false);

-- ----------------------------
-- Alter sequences owned by
-- ----------------------------
ALTER SEQUENCE "public"."publisher_publisherid_seq"
OWNED BY "public"."publisher"."publisherid";
SELECT setval('"public"."publisher_publisherid_seq"', 2, false);

-- ----------------------------
-- Alter sequences owned by
-- ----------------------------
ALTER SEQUENCE "public"."reviewers_reviewerid_seq"
OWNED BY "public"."reviewers"."reviewerid";
SELECT setval('"public"."reviewers_reviewerid_seq"', 2, false);

-- ----------------------------
-- Primary Key structure for table author
-- ----------------------------
ALTER TABLE "public"."author" ADD CONSTRAINT "author_pkey" PRIMARY KEY ("authorid");

-- ----------------------------
-- Primary Key structure for table book
-- ----------------------------
ALTER TABLE "public"."book" ADD CONSTRAINT "book_pkey" PRIMARY KEY ("bookid");

-- ----------------------------
-- Primary Key structure for table book_ratings
-- ----------------------------
ALTER TABLE "public"."book_ratings" ADD CONSTRAINT "book_ratings_pkey" PRIMARY KEY ("ratingid");

-- ----------------------------
-- Primary Key structure for table customers
-- ----------------------------
ALTER TABLE "public"."customers" ADD CONSTRAINT "customers_pkey" PRIMARY KEY ("customersid");

-- ----------------------------
-- Primary Key structure for table order_details
-- ----------------------------
ALTER TABLE "public"."order_details" ADD CONSTRAINT "order_details_pkey" PRIMARY KEY ("book_id", "order_id");

-- ----------------------------
-- Primary Key structure for table orders
-- ----------------------------
ALTER TABLE "public"."orders" ADD CONSTRAINT "orders_pkey" PRIMARY KEY ("orderid");

-- ----------------------------
-- Primary Key structure for table paper
-- ----------------------------
ALTER TABLE "public"."paper" ADD CONSTRAINT "paper_pkey" PRIMARY KEY ("paperid");

-- ----------------------------
-- Primary Key structure for table publisher
-- ----------------------------
ALTER TABLE "public"."publisher" ADD CONSTRAINT "publisher_pkey" PRIMARY KEY ("publisherid");

-- ----------------------------
-- Primary Key structure for table reviewers
-- ----------------------------
ALTER TABLE "public"."reviewers" ADD CONSTRAINT "reviewers_pkey" PRIMARY KEY ("reviewerid");

-- ----------------------------
-- Foreign Keys structure for table book
-- ----------------------------
ALTER TABLE "public"."book" ADD CONSTRAINT "fk27cxyrd9i17d0nhnbqrbjg7ss" FOREIGN KEY ("publisherid") REFERENCES "public"."publisher" ("publisherid") ON DELETE NO ACTION ON UPDATE NO ACTION;
ALTER TABLE "public"."book" ADD CONSTRAINT "fkhcj0e0ky3ftaweqnllqfwbn99" FOREIGN KEY ("authorid") REFERENCES "public"."author" ("authorid") ON DELETE NO ACTION ON UPDATE NO ACTION;

-- ----------------------------
-- Foreign Keys structure for table book_ratings
-- ----------------------------
ALTER TABLE "public"."book_ratings" ADD CONSTRAINT "fk9jeafp26dqbm6eqguq1oxevep" FOREIGN KEY ("book_id") REFERENCES "public"."book" ("bookid") ON DELETE NO ACTION ON UPDATE NO ACTION;
ALTER TABLE "public"."book_ratings" ADD CONSTRAINT "fkrfxthf174ot0stdril4a4xjqj" FOREIGN KEY ("reviewer_id") REFERENCES "public"."reviewers" ("reviewerid") ON DELETE NO ACTION ON UPDATE NO ACTION;

-- ----------------------------
-- Foreign Keys structure for table order_details
-- ----------------------------
ALTER TABLE "public"."order_details" ADD CONSTRAINT "fkgvkjwcye435v1trjiva43xduq" FOREIGN KEY ("book_id") REFERENCES "public"."book" ("bookid") ON DELETE NO ACTION ON UPDATE NO ACTION;
ALTER TABLE "public"."order_details" ADD CONSTRAINT "fkjyu2qbqt8gnvno9oe9j2s2ldk" FOREIGN KEY ("order_id") REFERENCES "public"."orders" ("orderid") ON DELETE NO ACTION ON UPDATE NO ACTION;

-- ----------------------------
-- Foreign Keys structure for table orders
-- ----------------------------
ALTER TABLE "public"."orders" ADD CONSTRAINT "fk7orngfblbwyce32cqv07j9f9b" FOREIGN KEY ("customerid") REFERENCES "public"."customers" ("customersid") ON DELETE NO ACTION ON UPDATE NO ACTION;

-- ----------------------------
-- Foreign Keys structure for table publisher
-- ----------------------------
ALTER TABLE "public"."publisher" ADD CONSTRAINT "fkm58aewirggyq8hagcut9rrmt3" FOREIGN KEY ("paperid") REFERENCES "public"."paper" ("paperid") ON DELETE NO ACTION ON UPDATE NO ACTION;
